Country Name,Year,Fishing ,
Aruba,1960,200,
Africa Eastern and Southern,1960,1485740,
Afghanistan,1960,200,
Africa Western and Central,1960,488505,
Angola,1960,257300,
Albania,1960,2600,
Arab World,1960,474880,
United Arab Emirates,1960,30000,
Argentina,1960,104732,
Australia,1960,57454,
Austria,1960,3550,
Burundi,1960,9200,
Belgium,1960,63700,
Benin,1960,26000,
Burkina Faso,1960,2000,
Bangladesh,1960,351333,
Bulgaria,1960,7800,
Bahrain,1960,1500,
"Bahamas, The",1960,1600,
Belize,1960,900,
Bermuda,1960,500,
Bolivia,1960,700,
Brazil,1960,251813,
Barbados,1960,5213,
Brunei Darussalam,1960,800,
Bhutan,1960,100,
Botswana,1960,400,
Central African Republic,1960,2000,
Canada,1960,1078657,
Central Europe and the Baltics,1960,212911,
Switzerland,1960,2500,
Channel Islands,1960,800,
Chile,1960,348826,
China,1960,2215094,
Cote d'Ivoire,1960,40500,
Cameroon,1960,51700,
"Congo, Dem. Rep.",1960,77000,
"Congo, Rep.",1960,11000,
Colombia,1960,29800,
Comoros,1960,817,
Cabo Verde,1960,1600,
Costa Rica,1960,2200,
Caribbean small states,1960,31823,
Cuba,1960,31200,
Cayman Islands,1960,0,
Cyprus,1960,500,
Czech Republic,1960,0,
Germany,1960,768100,
Djibouti,1960,900,
Dominica,1960,500,
Denmark,1960,568602,
Dominican Republic,1960,1300,
Algeria,1960,25500,
East Asia & Pacific (excluding high income),1960,4851388,
Early-demographic dividend,1960,8283323,
East Asia & Pacific,1960,11523975,
Europe & Central Asia (excluding high income),1960,98200,
Europe & Central Asia,1960,8074060,
Ecuador,1960,44300,
"Egypt, Arab Rep.",1960,83900,
Euro area,1960,3521471,
Spain,1960,907298,
Ethiopia,1960,8300,
European Union,1960,4552526,
Fragile and conflict affected situations,1960,885335,
Finland,1960,65500,
Fiji,1960,3000,
France,1960,651576,
Faroe Islands,1960,111077,
"Micronesia, Fed. Sts.",1960,400,
Gabon,1960,6000,
United Kingdom,1960,1020331,
Ghana,1960,33800,
Guinea,1960,4000,
"Gambia, The",1960,4500,
Guinea-Bissau,1960,700,
Equatorial Guinea,1960,900,
Greece,1960,87100,
Grenada,1960,300,
Greenland,1960,53018,
Guatemala,1960,1000,
Guam,1960,100,
Guyana,1960,5700,
High income,1960,18986169,
"Hong Kong SAR, China",1960,49850,
Honduras,1960,1700,
Heavily indebted poor countries (HIPC),1960,766117,
Croatia,1960,0,
Haiti,1960,3000,
Hungary,1960,4900,
IBRD only,1960,11686577,
IDA & IBRD total,1960,13432779,
IDA total,1960,1746202,
IDA blend,1960,234352,
Indonesia,1960,681061,
IDA only,1960,1511850,
Isle of Man,1960,4900,
India,1960,1116557,
Ireland,1960,40700,
"Iran, Islamic Rep.",1960,20015,
Iraq,1960,9000,
Iceland,1960,630364,
Israel,1960,5400,
Italy,1960,213960,
Jamaica,1960,8500,
Jordan,1960,100,
Japan,1960,5945151,
Kenya,1960,12600,
Cambodia,1960,35000,
Kiribati,1960,5000,
St. Kitts and Nevis,1960,600,
"Korea, Rep.",1960,338564,
Kuwait,1960,3500,
Latin America & Caribbean (excluding high income),1960,4207619,
Lao PDR,1960,12000,
Lebanon,1960,2100,
Liberia,1960,4200,
Libya,1960,2013,
St. Lucia,1960,600,
Latin America & Caribbean,1960,4685950,
Least developed countries: UN classification,1960,1666250,
Low income,1960,742690,
Sri Lanka,1960,48103,
Lower middle income,1960,4579656,
Low & middle income,1960,13094570,
Lesotho,1960,0,
Late-demographic dividend,1960,5180988,
Lithuania,1960,0,
Latvia,1960,0,
"Macao SAR, China",1960,5800,
Morocco,1960,167700,
Moldova,1960,0,
Madagascar,1960,29500,
Maldives,1960,13000,
Middle East & North Africa,1960,459097,
Mexico,1960,196413,
Marshall Islands,1960,0,
Middle income,1960,12351880,
Mali,1960,80000,
Malta,1960,1219,
Myanmar,1960,360000,
Middle East & North Africa (excluding high income),1960,351678,
Mongolia,1960,0,
Northern Mariana Islands,1960,100,
Mozambique,1960,13400,
Mauritania,1960,20000,
Mauritius,1960,2500,
Malawi,1960,13600,
Malaysia,1960,147800,
North America,1960,3834872,
Namibia,1960,0,
New Caledonia,1960,400,
Niger,1960,3400,
Nigeria,1960,56505,
Nicaragua,1960,4000,
Netherlands,1960,227881,
Norway,1960,1609362,
Nepal,1960,1300,
Nauru,1960,0,
New Zealand,1960,49850,
OECD members,1960,18677094,
Oman,1960,55000,
Other small states,1960,668900,
Pakistan,1960,82647,
Panama,1960,11000,
Peru,1960,3506151,
Philippines,1960,438468,
Palau,1960,500,
Papua New Guinea,1960,12200,
Poland,1960,175911,
Pre-demographic dividend,1960,1044222,
Puerto Rico,1960,3100,
"Korea, Dem. People's Rep.",1960,299190,
Portugal,1960,490387,
Paraguay,1960,600,
Pacific island small states,1960,15200,
Post-demographic dividend,1960,17270562,
French Polynesia,1960,2600,
Qatar,1960,800,
Romania,1960,24300,
Russian Federation,1960,0,
Rwanda,1960,500,
South Asia,1960,1613240,
Saudi Arabia,1960,10000,
Sudan,1960,17100,
Senegal,1960,76200,
Singapore,1960,9200,
Solomon Islands,1960,4000,
Sierra Leone,1960,20000,
El Salvador,1960,7300,
Somalia,1960,4500,
Sub-Saharan Africa (excluding high income),1960,1972445,
Sub-Saharan Africa,1960,1974245,
Small states,1960,715923,
Sao Tome and Principe,1960,500,
Suriname,1960,4510,
Sweden,1960,249542,
Eswatini,1960,0,
Seychelles,1960,1800,
Syrian Arab Republic,1960,1500,
Turks and Caicos Islands,1960,830,
Chad,1960,40000,
East Asia & Pacific (IDA & IBRD countries),1960,4552198,
Europe & Central Asia (IDA & IBRD countries),1960,298411,
Togo,1960,3500,
Thailand,1960,199875,
Latin America & the Caribbean (IDA & IBRD countries),1960,4643007,
Middle East & North Africa (IDA & IBRD countries),1960,351678,
Tonga,1960,400,
South Asia (IDA & IBRD),1960,1613240,
Sub-Saharan Africa (IDA & IBRD countries),1960,1974245,
Trinidad and Tobago,1960,2400,
Tunisia,1960,16650,
Turkiye,1960,87800,
Tuvalu,1960,0,
Tanzania,1960,70800,
Uganda,1960,62600,
Ukraine,1960,0,
Upper middle income,1960,7772224,
Uruguay,1960,18462,
United States,1960,2755715,
St. Vincent and the Grenadines,1960,400,
"Venezuela, RB",1960,84700,
British Virgin Islands,1960,300,
Virgin Islands (U.S.),1960,500,
Vietnam,1960,435500,
Vanuatu,1960,1400,
World,1960,34790181,
Samoa,1960,500,
"Yemen, Rep.",1960,22300,
South Africa,1960,882523,
Zambia,1960,19500,
Zimbabwe,1960,1300,
Aruba,1961,200,
Africa Eastern and Southern,1961,1632169,
Afghanistan,1961,300,
Africa Western and Central,1961,513837,
Angola,1961,246800,
Albania,1961,3200,
Arab World,1961,505098,
United Arab Emirates,1961,30000,
Argentina,1961,101900,
Australia,1961,57215,
Austria,1961,3540,
Burundi,1961,5300,
Belgium,1961,61600,
Benin,1961,28000,
Burkina Faso,1961,2500,
Bangladesh,1961,400071,
Bulgaria,1961,7200,
Bahrain,1961,1500,
"Bahamas, The",1961,1500,
Belize,1961,600,
Bermuda,1961,500,
Bolivia,1961,500,
Brazil,1961,276183,
Barbados,1961,4613,
Brunei Darussalam,1961,900,
Bhutan,1961,100,
Botswana,1961,400,
Central African Republic,1961,2000,
Canada,1961,1107271,
Central Europe and the Baltics,1961,215222,
Switzerland,1961,2800,
Channel Islands,1961,1000,
Chile,1961,443159,
China,1961,2395838,
Cote d'Ivoire,1961,42100,
Cameroon,1961,56500,
"Congo, Dem. Rep.",1961,75000,
"Congo, Rep.",1961,11000,
Colombia,1961,43300,
Comoros,1961,817,
Cabo Verde,1961,1600,
Costa Rica,1961,2400,
Caribbean small states,1961,38713,
Cuba,1961,30600,
Cayman Islands,1961,0,
Cyprus,1961,400,
Czech Republic,1961,0,
Germany,1961,732000,
Djibouti,1961,800,
Dominica,1961,500,
Denmark,1961,629954,
Dominican Republic,1961,1600,
Algeria,1961,30400,
East Asia & Pacific (excluding high income),1961,5317692,
Early-demographic dividend,1961,10188578,
East Asia & Pacific,1961,12589954,
Europe & Central Asia (excluding high income),1961,91600,
Europe & Central Asia,1961,8485100,
Ecuador,1961,38600,
"Egypt, Arab Rep.",1961,86800,
Euro area,1961,3649449,
Spain,1961,971112,
Ethiopia,1961,8600,
European Union,1961,4763038,
Fragile and conflict affected situations,1961,887174,
Finland,1961,67000,
Fiji,1961,3000,
France,1961,674920,
Faroe Islands,1961,122139,
"Micronesia, Fed. Sts.",1961,500,
Gabon,1961,6500,
United Kingdom,1961,959416,
Ghana,1961,36500,
Guinea,1961,4000,
"Gambia, The",1961,4800,
Guinea-Bissau,1961,700,
Equatorial Guinea,1961,500,
Greece,1961,85100,
Grenada,1961,500,
Greenland,1961,55904,
Guatemala,1961,1300,
Guam,1961,100,
Guyana,1961,7400,
High income,1961,20356956,
"Hong Kong SAR, China",1961,54200,
Honduras,1961,2550,
Heavily indebted poor countries (HIPC),1961,795867,
Croatia,1961,0,
Haiti,1961,3000,
Hungary,1961,6800,
IBRD only,1961,13944199,
IDA & IBRD total,1961,15772700,
IDA total,1961,1828501,
IDA blend,1961,233663,
Indonesia,1961,828628,
IDA only,1961,1594838,
Isle of Man,1961,4900,
India,1961,911641,
Ireland,1961,31200,
"Iran, Islamic Rep.",1961,20015,
Iraq,1961,9000,
Iceland,1961,734414,
Israel,1961,5900,
Italy,1961,240430,
Jamaica,1961,11500,
Jordan,1961,100,
Japan,1961,6425841,
Kenya,1961,13500,
Cambodia,1961,45000,
Kiribati,1961,5000,
St. Kitts and Nevis,1961,600,
"Korea, Rep.",1961,407113,
Kuwait,1961,3500,
Latin America & Caribbean (excluding high income),1961,5988236,
Lao PDR,1961,12000,
Lebanon,1961,1900,
Liberia,1961,3700,
Libya,1961,1700,
St. Lucia,1961,600,
Latin America & Caribbean,1961,6561261,
Least developed countries: UN classification,1961,1732588,
Low income,1961,789800,
Sri Lanka,1961,59628,
Lower middle income,1961,4620316,
Low & middle income,1961,15379296,
Lesotho,1961,0,
Late-demographic dividend,1961,5748482,
Lithuania,1961,0,
Latvia,1961,0,
"Macao SAR, China",1961,5800,
Morocco,1961,176681,
Moldova,1961,0,
Madagascar,1961,30500,
Maldives,1961,12000,
Middle East & North Africa,1961,487021,
Mexico,1961,224801,
Marshall Islands,1961,0,
Middle income,1961,14589496,
Mali,1961,80000,
Malta,1961,1325,
Myanmar,1961,360000,
Middle East & North Africa (excluding high income),1961,372796,
Mongolia,1961,250,
Northern Mariana Islands,1961,150,
Mozambique,1961,12800,
Mauritania,1961,22000,
Mauritius,1961,2500,
Malawi,1961,14300,
Malaysia,1961,160100,
North America,1961,4086864,
Namibia,1961,0,
New Caledonia,1961,400,
Niger,1961,4200,
Nigeria,1961,52837,
Nicaragua,1961,4000,
Netherlands,1961,262912,
Norway,1961,1758413,
Nepal,1961,1500,
Nauru,1961,0,
New Zealand,1961,50215,
OECD members,1961,20012264,
Oman,1961,55000,
Other small states,1961,772756,
Pakistan,1961,79726,
Panama,1961,11500,
Peru,1961,5220102,
Philippines,1961,438472,
Palau,1961,500,
Papua New Guinea,1961,12200,
Poland,1961,176822,
Pre-demographic dividend,1961,1054754,
Puerto Rico,1961,3100,
"Korea, Dem. People's Rep.",1961,341100,
Portugal,1961,517910,
Paraguay,1961,600,
Pacific island small states,1961,15400,
Post-demographic dividend,1961,18383306,
French Polynesia,1961,2700,
Qatar,1961,800,
Romania,1961,24400,
Russian Federation,1961,0,
Rwanda,1961,500,
South Asia,1961,1464966,
Saudi Arabia,1961,16200,
Sudan,1961,18000,
Senegal,1961,82600,
Singapore,1961,9700,
Solomon Islands,1961,4000,
Sierra Leone,1961,22800,
El Salvador,1961,8000,
Somalia,1961,4500,
Sub-Saharan Africa (excluding high income),1961,2144006,
Sub-Saharan Africa,1961,2146006,
Small states,1961,826869,
Sao Tome and Principe,1961,700,
Suriname,1961,7300,
Sweden,1961,268413,
Eswatini,1961,0,
Seychelles,1961,2000,
Syrian Arab Republic,1961,1600,
Turks and Caicos Islands,1961,830,
Chad,1961,45000,
East Asia & Pacific (IDA & IBRD countries),1961,4976592,
Europe & Central Asia (IDA & IBRD countries),1961,292822,
Togo,1961,4000,
Thailand,1961,274904,
Latin America & the Caribbean (IDA & IBRD countries),1961,6519518,
Middle East & North Africa (IDA & IBRD countries),1961,372796,
Tonga,1961,400,
South Asia (IDA & IBRD),1961,1464966,
Sub-Saharan Africa (IDA & IBRD countries),1961,2146006,
Trinidad and Tobago,1961,2400,
Tunisia,1961,21800,
Turkiye,1961,81200,
Tuvalu,1961,0,
Tanzania,1961,73100,
Uganda,1961,61200,
Ukraine,1961,0,
Upper middle income,1961,9969180,
Uruguay,1961,18503,
United States,1961,2979093,
St. Vincent and the Grenadines,1961,400,
"Venezuela, RB",1961,84920,
British Virgin Islands,1961,400,
Virgin Islands (U.S.),1961,500,
Vietnam,1961,433800,
Vanuatu,1961,1400,
World,1961,38630192,
Samoa,1961,600,
"Yemen, Rep.",1961,22000,
South Africa,1961,1039952,
Zambia,1961,20400,
Zimbabwe,1961,1300,
Aruba,1962,300,
Africa Eastern and Southern,1962,1735664,
Afghanistan,1962,300,
Africa Western and Central,1962,560769,
Angola,1962,274800,
Albania,1962,2800,
Arab World,1962,531470,
United Arab Emirates,1962,35000,
Argentina,1962,101306,
Australia,1962,62656,
Austria,1962,3830,
Burundi,1962,7200,
Belgium,1962,59900,
Benin,1962,30000,
Burkina Faso,1962,2500,
Bangladesh,1962,448776,
Bulgaria,1962,8600,
Bahrain,1962,1500,
"Bahamas, The",1962,1600,
Belize,1962,800,
Bermuda,1962,400,
Bolivia,1962,1300,
Brazil,1962,380156,
Barbados,1962,4713,
Brunei Darussalam,1962,900,
Bhutan,1962,100,
Botswana,1962,500,
Central African Republic,1962,2000,
Canada,1962,1287603,
Central Europe and the Baltics,1962,208566,
Switzerland,1962,2800,
Channel Islands,1962,1000,
Chile,1962,645892,
China,1962,2539279,
Cote d'Ivoire,1962,43600,
Cameroon,1962,58100,
"Congo, Dem. Rep.",1962,77000,
"Congo, Rep.",1962,12600,
Colombia,1962,52000,
Comoros,1962,917,
Cabo Verde,1962,1500,
Costa Rica,1962,2500,
Caribbean small states,1962,38563,
Cuba,1962,35000,
Cayman Islands,1962,0,
Cyprus,1962,600,
Czech Republic,1962,0,
Germany,1962,769900,
Djibouti,1962,900,
Dominica,1962,600,
Denmark,1962,777402,
Dominican Republic,1962,1700,
Algeria,1962,21500,
East Asia & Pacific (excluding high income),1962,5654497,
Early-demographic dividend,1962,12053524,
East Asia & Pacific,1962,13118594,
Europe & Central Asia (excluding high income),1962,71500,
Europe & Central Asia,1962,8612989,
Ecuador,1962,42500,
"Egypt, Arab Rep.",1962,112800,
Euro area,1962,3634345,
Spain,1962,993604,
Ethiopia,1962,9100,
European Union,1962,4914213,
Fragile and conflict affected situations,1962,930902,
Finland,1962,64900,
Fiji,1962,3000,
France,1962,654311,
Faroe Islands,1962,146027,
"Micronesia, Fed. Sts.",1962,500,
Gabon,1962,7000,
United Kingdom,1962,1008287,
Ghana,1962,45700,
Guinea,1962,4000,
"Gambia, The",1962,5300,
Guinea-Bissau,1962,600,
Equatorial Guinea,1962,800,
Greece,1962,80100,
Grenada,1962,900,
Greenland,1962,53852,
Guatemala,1962,2100,
Guam,1962,100,
Guyana,1962,7900,
High income,1962,21112263,
"Hong Kong SAR, China",1962,58790,
Honduras,1962,2550,
Heavily indebted poor countries (HIPC),1962,851267,
Croatia,1962,0,
Haiti,1962,3000,
Hungary,1962,7250,
IBRD only,1962,16348545,
IDA & IBRD total,1962,18302324,
IDA total,1962,1953779,
IDA blend,1962,253736,
Indonesia,1962,857937,
IDA only,1962,1700043,
Isle of Man,1962,4500,
India,1962,919532,
Ireland,1962,28500,
"Iran, Islamic Rep.",1962,20015,
Iraq,1962,9000,
Iceland,1962,847818,
Israel,1962,7400,
Italy,1962,217082,
Jamaica,1962,11900,
Jordan,1962,200,
Japan,1962,6542629,
Kenya,1962,18400,
Cambodia,1962,45000,
Kiribati,1962,6000,
St. Kitts and Nevis,1962,600,
"Korea, Rep.",1962,445551,
Kuwait,1962,3500,
Latin America & Caribbean (excluding high income),1962,7773143,
Lao PDR,1962,15000,
Lebanon,1962,2000,
Liberia,1962,4000,
Libya,1962,1500,
St. Lucia,1962,600,
Latin America & Caribbean,1962,8561037,
Least developed countries: UN classification,1962,1854593,
Low income,1962,829400,
Sri Lanka,1962,73471,
Lower middle income,1962,4900424,
Low & middle income,1962,17713887,
Lesotho,1962,0,
Late-demographic dividend,1962,6455632,
Lithuania,1962,0,
Latvia,1962,0,
"Macao SAR, China",1962,5800,
Morocco,1962,171949,
Moldova,1962,0,
Madagascar,1962,32000,
Maldives,1962,12000,
Middle East & North Africa,1962,512290,
Mexico,1962,220180,
Marshall Islands,1962,0,
Middle income,1962,16884487,
Mali,1962,90000,
Malta,1962,1322,
Myanmar,1962,360000,
Middle East & North Africa (excluding high income),1962,384268,
Mongolia,1962,250,
Northern Mariana Islands,1962,150,
Mozambique,1962,12800,
Mauritania,1962,23000,
Mauritius,1962,2800,
Malawi,1962,19500,
Malaysia,1962,179877,
North America,1962,4283677,
Namibia,1962,0,
New Caledonia,1962,800,
Niger,1962,6000,
Nigeria,1962,62869,
Nicaragua,1962,4000,
Netherlands,1962,226328,
Norway,1962,1572913,
Nepal,1962,1500,
Nauru,1962,0,
New Zealand,1962,47250,
OECD members,1962,20685244,
Oman,1962,60000,
Other small states,1962,888157,
Pakistan,1962,80367,
Panama,1962,15300,
Peru,1962,6887601,
Philippines,1962,468347,
Palau,1962,600,
Papua New Guinea,1962,13100,
Poland,1962,173016,
Pre-demographic dividend,1962,1142486,
Puerto Rico,1962,3300,
"Korea, Dem. People's Rep.",1962,347000,
Portugal,1962,533968,
Paraguay,1962,600,
Pacific island small states,1962,17500,
Post-demographic dividend,1962,18774363,
French Polynesia,1962,3000,
Qatar,1962,1000,
Romania,1962,19700,
Russian Federation,1962,0,
Rwanda,1962,500,
South Asia,1962,1536046,
Saudi Arabia,1962,18300,
Sudan,1962,19500,
Senegal,1962,85900,
Singapore,1962,11500,
Solomon Islands,1962,5000,
Sierra Leone,1962,26000,
El Salvador,1962,8200,
Somalia,1962,4500,
Sub-Saharan Africa (excluding high income),1962,2294433,
Sub-Saharan Africa,1962,2296433,
Small states,1962,944220,
Sao Tome and Principe,1962,600,
Suriname,1962,5350,
Sweden,1962,293900,
Eswatini,1962,0,
Seychelles,1962,2000,
Syrian Arab Republic,1962,1600,
Turks and Caicos Islands,1962,1360,
Chad,1962,45000,
East Asia & Pacific (IDA & IBRD countries),1962,5307497,
Europe & Central Asia (IDA & IBRD countries),1962,264216,
Togo,1962,4300,
Thailand,1962,309267,
Latin America & the Caribbean (IDA & IBRD countries),1962,8513864,
Middle East & North Africa (IDA & IBRD countries),1962,384268,
Tonga,1962,400,
South Asia (IDA & IBRD),1962,1536046,
Sub-Saharan Africa (IDA & IBRD countries),1962,2296433,
Trinidad and Tobago,1962,2400,
Tunisia,1962,20804,
Turkiye,1962,60100,
Tuvalu,1962,0,
Tanzania,1962,73300,
Uganda,1962,64500,
Ukraine,1962,0,
Upper middle income,1962,11984063,
Uruguay,1962,15813,
United States,1962,2995674,
St. Vincent and the Grenadines,1962,400,
"Venezuela, RB",1962,94916,
British Virgin Islands,1962,400,
Virgin Islands (U.S.),1962,500,
Vietnam,1962,501940,
Vanuatu,1962,1400,
World,1962,42035679,
Samoa,1962,600,
"Yemen, Rep.",1962,22000,
South Africa,1962,1092247,
Zambia,1962,22200,
Zimbabwe,1962,1300,
Aruba,1963,300,
Africa Eastern and Southern,1963,1848486,
Afghanistan,1963,300,
Africa Western and Central,1963,582503,
Angola,1963,245300,
Albania,1963,3000,
Arab World,1963,541412,
United Arab Emirates,1963,35000,
Argentina,1963,130571,
Australia,1963,67819,
Austria,1963,4000,
Burundi,1963,10600,
Belgium,1963,62000,
Benin,1963,25000,
Burkina Faso,1963,3000,
Bangladesh,1963,447448,
Bulgaria,1963,6700,
Bahrain,1963,1800,
"Bahamas, The",1963,1700,
Belize,1963,900,
Bermuda,1963,400,
Bolivia,1963,1400,
Brazil,1963,335994,
Barbados,1963,2813,
Brunei Darussalam,1963,1000,
Bhutan,1963,150,
Botswana,1963,500,
Central African Republic,1963,2500,
Canada,1963,1398267,
Central Europe and the Baltics,1963,254087,
Switzerland,1963,3300,
Channel Islands,1963,1000,
Chile,1963,775331,
China,1963,2491069,
Cote d'Ivoire,1963,45600,
Cameroon,1963,59400,
"Congo, Dem. Rep.",1963,69500,
"Congo, Rep.",1963,12500,
Colombia,1963,47700,
Comoros,1963,917,
Cabo Verde,1963,2000,
Costa Rica,1963,2400,
Caribbean small states,1963,36463,
Cuba,1963,35612,
Cayman Islands,1963,0,
Cyprus,1963,600,
Czech Republic,1963,0,
Germany,1963,824900,
Djibouti,1963,1000,
Dominica,1963,600,
Denmark,1963,840080,
Dominican Republic,1963,3200,
Algeria,1963,16900,
East Asia & Pacific (excluding high income),1963,5858525,
Early-demographic dividend,1963,12368883,
East Asia & Pacific,1963,13163580,
Europe & Central Asia (excluding high income),1963,140000,
Europe & Central Asia,1963,8980319.125,
Ecuador,1963,49700,
"Egypt, Arab Rep.",1963,109000,
Euro area,1963,3821693.125,
Spain,1963,993581.125,
Ethiopia,1963,9600,
European Union,1963,5257660.125,
Fragile and conflict affected situations,1963,941527,
Finland,1963,80500,
Fiji,1963,3200,
France,1963,689299,
Faroe Islands,1963,140038,
"Micronesia, Fed. Sts.",1963,600,
Gabon,1963,7000,
United Kingdom,1963,1008921,
Ghana,1963,59800,
Guinea,1963,4000,
"Gambia, The",1963,5300,
Guinea-Bissau,1963,600,
Equatorial Guinea,1963,1000,
Greece,1963,80100,
Grenada,1963,700,
Greenland,1963,45569,
Guatemala,1963,2500,
Guam,1963,100,
Guyana,1963,9200,
High income,1963,21239129.13,
"Hong Kong SAR, China",1963,60300,
Honduras,1963,2550,
Heavily indebted poor countries (HIPC),1963,907667,
Croatia,1963,0,
Haiti,1963,3100,
Hungary,1963,6850,
IBRD only,1963,16886118,
IDA & IBRD total,1963,18907193,
IDA total,1963,2021075,
IDA blend,1963,271926,
Indonesia,1963,850976,
IDA only,1963,1749149,
Isle of Man,1963,4000,
India,1963,985873,
Ireland,1963,26500,
"Iran, Islamic Rep.",1963,18015,
Iraq,1963,11300,
Iceland,1963,797883,
Israel,1963,7000,
Italy,1963,226952,
Jamaica,1963,10000,
Jordan,1963,200,
Japan,1963,6350329,
Kenya,1963,20100,
Cambodia,1963,40000,
Kiribati,1963,6000,
St. Kitts and Nevis,1963,700,
"Korea, Rep.",1963,451868,
Kuwait,1963,3500,
Latin America & Caribbean (excluding high income),1963,7727598,
Lao PDR,1963,14984,
Lebanon,1963,2200,
Liberia,1963,4000,
Libya,1963,1400,
St. Lucia,1963,600,
Latin America & Caribbean,1963,8646809,
Least developed countries: UN classification,1963,1855599,
Low income,1963,881700,
Sri Lanka,1963,71614,
Lower middle income,1963,5107264,
Low & middle income,1963,18156330,
Lesotho,1963,0,
Late-demographic dividend,1963,6699273,
Lithuania,1963,0,
Latvia,1963,0,
"Macao SAR, China",1963,5500,
Morocco,1963,180535,
Moldova,1963,0,
Madagascar,1963,37400,
Maldives,1963,12000,
Middle East & North Africa,1963,519744,
Mexico,1963,245480,
Marshall Islands,1963,0,
Middle income,1963,17274630,
Mali,1963,90000,
Malta,1963,1634,
Myanmar,1963,360000,
Middle East & North Africa (excluding high income),1963,390210,
Mongolia,1963,280,
Northern Mariana Islands,1963,150,
Mozambique,1963,13500,
Mauritania,1963,23000,
Mauritius,1963,2800,
Malawi,1963,21700,
Malaysia,1963,198200,
North America,1963,4140317,
Namibia,1963,0,
New Caledonia,1963,1200,
Niger,1963,9000,
Nigeria,1963,63703,
Nicaragua,1963,5000,
Netherlands,1963,272601,
Norway,1963,1590281,
Nepal,1963,1500,
Nauru,1963,100,
New Zealand,1963,48269,
OECD members,1963,20892924.13,
Oman,1963,60000,
Other small states,1963,839684,
Pakistan,1963,92123,
Panama,1963,14100,
Peru,1963,6825241,
Philippines,1963,529446,
Palau,1963,600,
Papua New Guinea,1963,15200,
Poland,1963,217937,
Pre-demographic dividend,1963,1157420,
Puerto Rico,1963,3300,
"Korea, Dem. People's Rep.",1963,364900,
Portugal,1963,559026,
Paraguay,1963,700,
Pacific island small states,1963,18000,
Post-demographic dividend,1963,18768252.13,
French Polynesia,1963,2500,
Qatar,1963,1000,
Romania,1963,22600,
Russian Federation,1963,0,
Rwanda,1963,500,
South Asia,1963,1611008,
Saudi Arabia,1963,19600,
Sudan,1963,19900,
Senegal,1963,87500,
Singapore,1963,12500,
Solomon Islands,1963,5000,
Sierra Leone,1963,28100,
El Salvador,1963,8400,
Somalia,1963,4500,
Sub-Saharan Africa (excluding high income),1963,2428989,
Sub-Saharan Africa,1963,2430989,
Small states,1963,894147,
Sao Tome and Principe,1963,500,
Suriname,1963,5550,
Sweden,1963,341800,
Eswatini,1963,0,
Seychelles,1963,2000,
Syrian Arab Republic,1963,1600,
Turks and Caicos Islands,1963,1460,
Chad,1963,45000,
East Asia & Pacific (IDA & IBRD countries),1963,5493725,
Europe & Central Asia (IDA & IBRD countries),1963,380537,
Togo,1963,4500,
Thailand,1963,391380,
Latin America & the Caribbean (IDA & IBRD countries),1963,8600724,
Middle East & North Africa (IDA & IBRD countries),1963,390210,
Tonga,1963,400,
South Asia (IDA & IBRD),1963,1611008,
Sub-Saharan Africa (IDA & IBRD countries),1963,2430989,
Trinidad and Tobago,1963,2400,
Tunisia,1963,26060,
Turkiye,1963,130300,
Tuvalu,1963,0,
Tanzania,1963,79000,
Uganda,1963,69600,
Ukraine,1963,0,
Upper middle income,1963,12167366,
Uruguay,1963,18100,
United States,1963,2741650,
St. Vincent and the Grenadines,1963,500,
"Venezuela, RB",1963,97307,
British Virgin Islands,1963,400,
Virgin Islands (U.S.),1963,500,
Vietnam,1963,584190,
Vanuatu,1963,1500,
World,1963,42996371.1,
Samoa,1963,600,
"Yemen, Rep.",1963,22000,
South Africa,1963,1199169,
Zambia,1963,40100,
Zimbabwe,1963,1300,
Aruba,1964,300,
Africa Eastern and Southern,1964,2164132,
Afghanistan,1964,300,
Africa Western and Central,1964,646740,
Angola,1964,362000,
Albania,1964,3000,
Arab World,1964,593475,
United Arab Emirates,1964,35000,
Argentina,1964,168604,
Australia,1964,68242,
Austria,1964,4220,
Burundi,1964,9700,
Belgium,1964,59500,
Benin,1964,26000,
Burkina Faso,1964,3500,
Bangladesh,1964,496086,
Bulgaria,1964,9600,
Bahrain,1964,1800,
"Bahamas, The",1964,1900,
Belize,1964,900,
Bermuda,1964,450,
Bolivia,1964,1900,
Brazil,1964,369280,
Barbados,1964,2113,
Brunei Darussalam,1964,1000,
Bhutan,1964,150,
Botswana,1964,500,
Central African Republic,1964,2500,
Canada,1964,1393173,
Central Europe and the Baltics,1964,290531,
Switzerland,1964,2800,
Channel Islands,1964,1000,
Chile,1964,1177517,
China,1964,2466117,
Cote d'Ivoire,1964,54600,
Cameroon,1964,59800,
"Congo, Dem. Rep.",1964,75000,
"Congo, Rep.",1964,13600,
Colombia,1964,50300,
Comoros,1964,917,
Cabo Verde,1964,2500,
Costa Rica,1964,3600,
Caribbean small states,1964,38023,
Cuba,1964,37165,
Cayman Islands,1964,0,
Cyprus,1964,600,
Czech Republic,1964,0,
Germany,1964,836200,
Djibouti,1964,300,
Dominica,1964,600,
Denmark,1964,862798,
Dominican Republic,1964,4200,
Algeria,1964,17300,
East Asia & Pacific (excluding high income),1964,6113528,
Early-demographic dividend,1964,15287986,
East Asia & Pacific,1964,13186114,
Europe & Central Asia (excluding high income),1964,133600,
Europe & Central Asia,1964,9803489.125,
Ecuador,1964,46300,
"Egypt, Arab Rep.",1964,128000,
Euro area,1964,4050216.125,
Spain,1964,1068328.125,
Ethiopia,1964,12000,
European Union,1964,5580843.125,
Fragile and conflict affected situations,1964,997968,
Finland,1964,62900,
Fiji,1964,3400,
France,1964,709330,
Faroe Islands,1964,140398,
"Micronesia, Fed. Sts.",1964,600,
Gabon,1964,7000,
United Kingdom,1964,1034141,
Ghana,1964,76600,
Guinea,1964,5000,
"Gambia, The",1964,5300,
Guinea-Bissau,1964,800,
Equatorial Guinea,1964,1000,
Greece,1964,83600,
Grenada,1964,1100,
Greenland,1964,52475,
Guatemala,1964,2700,
Guam,1964,100,
Guyana,1964,10400,
High income,1964,22091738.13,
"Hong Kong SAR, China",1964,62430,
Honduras,1964,3400,
Heavily indebted poor countries (HIPC),1964,998417,
Croatia,1964,0,
Haiti,1964,3300,
Hungary,1964,6600,
IBRD only,1964,20508476,
IDA & IBRD total,1964,22709633,
IDA total,1964,2201157,
IDA blend,1964,311928,
Indonesia,1964,910852,
IDA only,1964,1889229,
Isle of Man,1964,3600,
India,1964,1255504,
Ireland,1964,30900,
"Iran, Islamic Rep.",1964,18013,
Iraq,1964,19200,
Iceland,1964,989617,
Israel,1964,7700,
Italy,1964,317196,
Jamaica,1964,10000,
Jordan,1964,200,
Japan,1964,6026892,
Kenya,1964,20700,
Cambodia,1964,40000,
Kiribati,1964,6000,
St. Kitts and Nevis,1964,700,
"Korea, Rep.",1964,527726,
Kuwait,1964,4000,
Latin America & Caribbean (excluding high income),1964,10025645,
Lao PDR,1964,14976,
Lebanon,1964,2000,
Liberia,1964,4000,
Libya,1964,1600,
St. Lucia,1964,800,
Latin America & Caribbean,1964,11375616,
Least developed countries: UN classification,1964,2084529,
Low income,1964,906100,
Sri Lanka,1964,91125,
Lower middle income,1964,5836850,
Low & middle income,1964,21490969,
Lesotho,1964,0,
Late-demographic dividend,1964,7556841,
Lithuania,1964,0,
Latvia,1964,0,
"Macao SAR, China",1964,5800,
Morocco,1964,208582,
Moldova,1964,0,
Madagascar,1964,46000,
Maldives,1964,12000,
Middle East & North Africa,1964,572091,
Mexico,1964,250020,
Marshall Islands,1964,0,
Middle income,1964,20584869,
Mali,1964,90000,
Malta,1964,1420,
Myanmar,1964,360000,
Middle East & North Africa (excluding high income),1964,443471,
Mongolia,1964,280,
Northern Mariana Islands,1964,150,
Mozambique,1964,13900,
Mauritania,1964,23000,
Mauritius,1964,2800,
Malawi,1964,21200,
Malaysia,1964,192300,
North America,1964,3979283,
Namibia,1964,0,
New Caledonia,1964,1000,
Niger,1964,6300,
Nigeria,1964,82740,
Nicaragua,1964,5000,
Netherlands,1964,273482,
Norway,1964,1876034,
Nepal,1964,1600,
Nauru,1964,100,
New Zealand,1964,42796,
OECD members,1964,21706451.13,
Oman,1964,60000,
Other small states,1964,1031504,
Pakistan,1964,109088,
Panama,1964,25900,
Peru,1964,9039766,
Philippines,1964,583591,
Palau,1964,1866,
Papua New Guinea,1964,15200,
Poland,1964,254341,
Pre-demographic dividend,1964,1369957,
Puerto Rico,1964,2900,
"Korea, Dem. People's Rep.",1964,361000,
Portugal,1964,602540,
Paraguay,1964,700,
Pacific island small states,1964,19766,
Post-demographic dividend,1964,18951084.13,
French Polynesia,1964,2500,
Qatar,1964,1000,
Romania,1964,19990,
Russian Federation,1964,0,
Rwanda,1964,700,
South Asia,1964,1965853,
Saudi Arabia,1964,17700,
Sudan,1964,20100,
Senegal,1964,97600,
Singapore,1964,10400,
Solomon Islands,1964,5300,
Sierra Leone,1964,29900,
El Salvador,1964,9200,
Somalia,1964,4500,
Sub-Saharan Africa (excluding high income),1964,2808872,
Sub-Saharan Africa,1964,2810872,
Small states,1964,1089293,
Sao Tome and Principe,1964,800,
Suriname,1964,5910,
Sweden,1964,377298,
Eswatini,1964,0,
Seychelles,1964,2000,
Syrian Arab Republic,1964,1600,
Turks and Caicos Islands,1964,1460,
Chad,1964,50000,
East Asia & Pacific (IDA & IBRD countries),1964,5752628,
Europe & Central Asia (IDA & IBRD countries),1964,407931,
Togo,1964,5000,
Thailand,1964,549576,
Latin America & the Caribbean (IDA & IBRD countries),1964,11328878,
Middle East & North Africa (IDA & IBRD countries),1964,443471,
Tonga,1964,400,
South Asia (IDA & IBRD),1964,1965853,
Sub-Saharan Africa (IDA & IBRD countries),1964,2810872,
Trinidad and Tobago,1964,2400,
Tunisia,1964,21676,
Turkiye,1964,121000,
Tuvalu,1964,0,
Tanzania,1964,103000,
Uganda,1964,70500,
Ukraine,1964,0,
Upper middle income,1964,14748019,
Uruguay,1964,22570,
United States,1964,2585660,
St. Vincent and the Grenadines,1964,500,
"Venezuela, RB",1964,110611,
British Virgin Islands,1964,400,
Virgin Islands (U.S.),1964,500,
Vietnam,1964,599970,
Vanuatu,1964,1500,
World,1964,47586827.1,
Samoa,1964,600,
"Yemen, Rep.",1964,25000,
South Africa,1964,1353615,
Zambia,1964,42300,
Zimbabwe,1964,1900,
Aruba,1965,300,
Africa Eastern and Southern,1965,2174850,
Afghanistan,1965,300,
Africa Western and Central,1965,680876,
Angola,1965,263300,
Albania,1965,4000,
Arab World,1965,591828,
United Arab Emirates,1965,38000,
Argentina,1965,205000,
Australia,1965,77944,
Austria,1965,4370,
Burundi,1965,20200,
Belgium,1965,59700,
Benin,1965,20000,
Burkina Faso,1965,3500,
Bangladesh,1965,543000,
Bulgaria,1965,16083,
Bahrain,1965,2000,
"Bahamas, The",1965,2950,
Belize,1965,800,
Bermuda,1965,450,
Bolivia,1965,1800,
Brazil,1965,389141,
Barbados,1965,2613,
Brunei Darussalam,1965,1100,
Bhutan,1965,150,
Botswana,1965,500,
Central African Republic,1965,3000,
Canada,1965,1415523,
Central Europe and the Baltics,1965,335091,
Switzerland,1965,2700,
Channel Islands,1965,1200,
Chile,1965,730505,
China,1965,2530460,
Cote d'Ivoire,1965,59500,
Cameroon,1965,61100,
"Congo, Dem. Rep.",1965,81000,
"Congo, Rep.",1965,14000,
Colombia,1965,53500,
Comoros,1965,917,
Cabo Verde,1965,3500,
Costa Rica,1965,3400,
Caribbean small states,1965,41573,
Cuba,1965,41080,
Cayman Islands,1965,0,
Cyprus,1965,1006,
Czech Republic,1965,0,
Germany,1965,850200,
Djibouti,1965,300,
Dominica,1965,500,
Denmark,1965,830021,
Dominican Republic,1965,4100,
Algeria,1965,18300,
East Asia & Pacific (excluding high income),1965,6426828,
Early-demographic dividend,1965,13986004,
East Asia & Pacific,1965,14105562,
Europe & Central Asia (excluding high income),1965,154483,
Europe & Central Asia,1965,10903547.38,
Ecuador,1965,53500,
"Egypt, Arab Rep.",1965,96200,
Euro area,1965,4225906.375,
Spain,1965,1188740.375,
Ethiopia,1965,15900,
European Union,1965,5761074.375,
Fragile and conflict affected situations,1965,1047325,
Finland,1965,73200,
Fiji,1965,3500,
France,1965,745249,
Faroe Islands,1965,146479,
"Micronesia, Fed. Sts.",1965,700,
Gabon,1965,8000,
United Kingdom,1965,1117764,
Ghana,1965,76500,
Guinea,1965,5000,
"Gambia, The",1965,6200,
Guinea-Bissau,1965,900,
Equatorial Guinea,1965,600,
Greece,1965,89700,
Grenada,1965,1300,
Greenland,1965,54145,
Guatemala,1965,2100,
Guam,1965,100,
Guyana,1965,12000,
High income,1965,23498553.38,
"Hong Kong SAR, China",1965,65581,
Honduras,1965,4050,
Heavily indebted poor countries (HIPC),1965,1062267,
Croatia,1965,0,
Haiti,1965,3400,
Hungary,1965,7520,
IBRD only,1965,18794388,
IDA & IBRD total,1965,21147807,
IDA total,1965,2353419,
IDA blend,1965,341834,
Indonesia,1965,980902,
IDA only,1965,2011585,
Isle of Man,1965,5100,
India,1965,1258353,
Ireland,1965,34600,
"Iran, Islamic Rep.",1965,20014,
Iraq,1965,16800,
Iceland,1965,1218265,
Israel,1965,8900,
Italy,1965,344541,
Jamaica,1965,9000,
Jordan,1965,200,
Japan,1965,6566241,
Kenya,1965,23400,
Cambodia,1965,45000,
Kiribati,1965,6000,
St. Kitts and Nevis,1965,700,
"Korea, Rep.",1965,566749,
Kuwait,1965,4000,
Latin America & Caribbean (excluding high income),1965,8454790,
Lao PDR,1965,14968,
Lebanon,1965,2300,
Liberia,1965,4500,
Libya,1965,2924,
St. Lucia,1965,800,
Latin America & Caribbean,1965,9385167,
Least developed countries: UN classification,1965,2092335,
Low income,1965,977900,
Sri Lanka,1965,74632,
Lower middle income,1965,5972582,
Low & middle income,1965,20340945,
Lesotho,1965,0,
Late-demographic dividend,1965,7586778,
Lithuania,1965,0,
Latvia,1965,0,
"Macao SAR, China",1965,7000,
Morocco,1965,225486,
Moldova,1965,0,
Madagascar,1965,45300,
Maldives,1965,19600,
Middle East & North Africa,1965,571453,
Mexico,1965,259620,
Marshall Islands,1965,0,
Middle income,1965,19363045,
Mali,1965,90000,
Malta,1965,1228,
Myanmar,1965,360000,
Middle East & North Africa (excluding high income),1965,432425,
Mongolia,1965,290,
Northern Mariana Islands,1965,200,
Mozambique,1965,16200,
Mauritania,1965,25000,
Mauritius,1965,3000,
Malawi,1965,33900,
Malaysia,1965,208500,
North America,1965,4118758,
Namibia,1965,0,
New Caledonia,1965,1000,
Niger,1965,5000,
Nigeria,1965,94376,
Nicaragua,1965,5600,
Netherlands,1965,266700,
Norway,1965,2459647,
Nepal,1965,1600,
Nauru,1965,100,
New Zealand,1965,46607,
OECD members,1965,23083576.38,
Oman,1965,65000,
Other small states,1965,1271466,
Pakistan,1965,121058,
Panama,1965,39700,
Peru,1965,7386689,
Philippines,1965,651125,
Palau,1965,3370,
Papua New Guinea,1965,15800,
Poland,1965,287757,
Pre-demographic dividend,1965,1339893,
Puerto Rico,1965,2800,
"Korea, Dem. People's Rep.",1965,385000,
Portugal,1965,566672,
Paraguay,1965,700,
Pacific island small states,1965,21870,
Post-demographic dividend,1965,20498014.38,
French Polynesia,1965,1900,
Qatar,1965,1300,
Romania,1965,23731,
Russian Federation,1965,0,
Rwanda,1965,700,
South Asia,1965,2018693,
Saudi Arabia,1965,18600,
Sudan,1965,20000,
Senegal,1965,106600,
Singapore,1965,11000,
Solomon Islands,1965,5300,
Sierra Leone,1965,32600,
El Salvador,1965,9600,
Somalia,1965,4600,
Sub-Saharan Africa (excluding high income),1965,2853726,
Sub-Saharan Africa,1965,2855726,
Small states,1965,1334909,
Sao Tome and Principe,1965,900,
Suriname,1965,6610,
Sweden,1965,370056,
Eswatini,1965,0,
Seychelles,1965,2000,
Syrian Arab Republic,1965,1700,
Turks and Caicos Islands,1965,1460,
Chad,1965,55000,
East Asia & Pacific (IDA & IBRD countries),1965,6041928,
Europe & Central Asia (IDA & IBRD countries),1965,465971,
Togo,1965,6000,
Thailand,1965,587753,
Latin America & the Caribbean (IDA & IBRD countries),1965,9333064,
Middle East & North Africa (IDA & IBRD countries),1965,432425,
Tonga,1965,500,
South Asia (IDA & IBRD),1965,2018693,
Sub-Saharan Africa (IDA & IBRD countries),1965,2855726,
Trinidad and Tobago,1965,3000,
Tunisia,1965,23201,
Turkiye,1965,134400,
Tuvalu,1965,0,
Tanzania,1965,104700,
Uganda,1965,76300,
Ukraine,1965,0,
Upper middle income,1965,13390463,
Uruguay,1965,25241,
United States,1965,2702785,
St. Vincent and the Grenadines,1965,500,
"Venezuela, RB",1965,119408,
British Virgin Islands,1965,400,
Virgin Islands (U.S.),1965,500,
Vietnam,1965,625260,
Vanuatu,1965,1800,
World,1965,48653613.4,
Samoa,1965,600,
"Yemen, Rep.",1965,25000,
South Africa,1965,1419933,
Zambia,1965,40100,
Zimbabwe,1965,2000,
